Output,Start-time,End-time,Initials,Notes
Subject_1.csv-Subject_1.mat,2016\10\27\12:34 AM,2016\10\27\12:59 AM,KWP,Nothing to report
Subject_2.csv-Subject_2.mat,2016\10\27\12:45 AM,2016\10\27\1:06 PM,KWP,Nothing to report
Subject_3.csv-Subject_3.mat,2016\10\27\12:49 AM,2016\10\27\1:09 PM,KWP,Nothing to report
Subject_4.csv-Subject_4.mat,2016\10\27\1:11 PM,2016\10\27\1:32 PM,KWP,Nothing to report
Subject_5.csv-Subject_5.mat,2016\10\27\1:30 PM,2016\10\27\1:52 PM,KWP,Nothing to report
Subject_6.csv-Subject_6.mat,2016\10\27\1:46 PM,2016\10\27\2:08 PM,KWP,Nothing to report
Subject_7.csv-Subject_7.mat,2016\10\27\1:57 PM,2016\10\27\2:18 PM,KWP,Nothing to report
Subject_8.csv-Subject_8.mat,2016\10\27\2:07 PM,2016\10\27\2:28 PM,KWP,Nothing to report
Subject_9.csv-Subject_9.mat,2016\10\27\2:44 PM,2016\10\27\3:06 PM,KWP,Nothing to report
Subject_10.csv-Subject_10.mat,2016\10\27\2:52 PM,2016\10\27\3:20 PM,KWP,Nothing to report
Subject_11.csv-Subject_11.mat,2016\10\27\3:10 PM,2016\10\27\3:31 PM,KWP,Nothing to report
Subject_12.csv-Subject_12.mat,2016\10\27\3:23 PM,2016\10\27\3:45 PM,KWP,Nothing to report
Subject_13.csv-Subject_13.mat,2016\10\27\3:26 PM,2016\10\27\3:47 PM,KWP,Nothing to report
Subject_14.csv-Subject_14.mat,2016\10\27\3:41 PM,2016\10\27\4:03 PM,KWP,Nothing to report
Subject_15.csv-Subject_15.mat,2016\10\27\4:03 PM,2016\10\27\4:26 PM,KWP,Nothing to report
Subject_16.csv-Subject_16.mat,2016\10\27\4:40 PM,2016\10\27\5:02 PM,KWP,Nothing to report
Subject_18.csv-Subject_18.mat,2016\10\27\5:32 PM,2016\10\27\5:53 PM,KWP,Nothing to report
